City,Country,Lat,Lng,Max Temp,Humidity,Cloudiness,Wind Speed,Current Description
Haines Junction,CA,60.7522,-137.5108,35.55,60,100,1.14,overcast clouds
Mataura,NZ,-46.1927,168.8643,43.48,94,17,2.73,few clouds
Punta Arenas,CL,-53.15,-70.9167,50.11,43,40,37.98,scattered clouds
Ushuaia,AR,-54.8,-68.3,49.66,43,75,21.85,broken clouds
Castro,BR,-24.7911,-50.0119,83.62,34,97,6.02,overcast clouds
Tuktoyaktuk,CA,69.4541,-133.0374,32.0,100,90,20.71,snow
Airai,TL,-8.9266,125.4092,57.72,77,12,2.77,few clouds
Vernon,CA,50.2581,-119.2691,62.62,54,41,1.01,scattered clouds
Hobart,AU,-42.8794,147.3294,48.06,91,90,5.75,overcast clouds
Tena,EC,-0.9833,-77.8167,90.36,47,63,6.76,light rain
Mahebourg,MU,-20.4081,57.7,72.25,68,75,17.27,light rain
Nikolskoye,RU,59.7035,30.7861,49.87,74,100,3.44,overcast clouds
Lenger,KZ,42.183,69.8839,56.64,39,100,2.55,overcast clouds
Upernavik,GL,72.7868,-56.1549,26.98,53,30,5.7,scattered clouds
Corn Island,NI,12.1694,-83.0418,83.14,74,100,7.96,light rain
Altamira,BR,-3.2033,-52.2064,86.09,66,40,3.44,light rain
Cape Town,ZA,-33.9258,18.4232,61.27,78,20,18.41,few clouds
Lumeje,AO,-11.55,20.7833,76.93,32,25,1.83,scattered clouds
Hilo,US,19.7297,-155.09,79.29,78,75,0.0,light rain
Taltal,CL,-25.4,-70.4833,66.18,64,24,6.06,few clouds
Chkalovskoye,RU,44.8392,133.0436,56.66,90,100,5.01,overcast clouds
Giyani,ZA,-23.3025,30.7187,83.46,25,53,4.63,broken clouds
Vestmannaeyjar,IS,63.4427,-20.2734,38.52,72,100,34.96,overcast clouds
Vaini,TO,-21.2,-175.2,71.76,94,20,5.75,few clouds
Huescar,ES,37.811,-2.5412,68.94,36,3,1.95,clear sky
Hay River,CA,60.8156,-115.7999,51.78,82,75,5.75,broken clouds
Millinocket,US,45.6573,-68.7098,64.51,52,1,9.22,clear sky
Staryy Nadym,RU,65.6118,72.6842,31.8,80,0,4.88,clear sky
Provideniya,RU,64.3833,-173.3,35.71,75,90,13.42,light rain
Butaritari,KI,3.0707,172.7902,83.12,77,10,23.94,clear sky
Alta Floresta,BR,-9.8756,-56.0861,91.22,52,0,6.91,clear sky
Marsh Harbour,BS,26.5412,-77.0636,80.4,60,77,10.8,broken clouds
Dimitrovgrad,RU,54.2139,49.6184,44.65,68,100,7.11,overcast clouds
Ahipara,NZ,-35.1667,173.1667,51.21,74,35,5.95,scattered clouds
Tasiilaq,GL,65.6145,-37.6368,35.76,56,100,7.65,overcast clouds
Hermanus,ZA,-34.4187,19.2345,59.9,83,62,7.38,broken clouds
Kavaratti,IN,10.5669,72.642,81.43,80,99,18.21,overcast clouds
Atuona,PF,-9.8,-139.0333,77.61,76,21,19.8,light rain
Talnakh,RU,69.4865,88.3972,32.45,76,100,2.28,overcast clouds
Grand Gaube,MU,-20.0064,57.6608,72.37,66,91,7.0,overcast clouds
Longyearbyen,SJ,78.2186,15.6401,37.24,75,75,11.5,broken clouds
Husavik,IS,66.0449,-17.3389,37.31,83,81,11.23,broken clouds
Okato,NZ,-39.2,173.8833,49.42,85,53,13.38,broken clouds
Sorong,ID,-0.8833,131.25,79.59,80,100,2.64,overcast clouds
New Norfolk,AU,-42.7826,147.0587,47.71,78,100,0.94,overcast clouds
Kapaa,US,22.0752,-159.319,80.58,71,75,3.0,light rain
Rikitea,PF,-23.1203,-134.9692,73.06,70,54,20.24,broken clouds
Barrow,US,71.2906,-156.7887,30.22,86,90,5.75,overcast clouds
Pisco,PE,-13.7,-76.2167,66.02,82,75,10.36,broken clouds
San Vicente,AR,-26.6167,-54.1333,72.3,69,95,9.78,moderate rain
Aykhal,RU,66.0,111.5,25.02,80,100,8.28,overcast clouds
Victoria,HK,22.2855,114.1577,85.21,83,17,1.99,light rain
Melegnano,IT,45.3588,9.324,71.08,83,0,1.14,clear sky
Busselton,AU,-33.65,115.3333,57.04,81,91,11.16,overcast clouds
Rankovce,MK,42.1696,22.1162,61.66,90,36,3.74,scattered clouds
Orange,US,33.7,-117.7675,76.77,73,75,1.01,broken clouds
Tabou,CI,4.423,-7.3528,77.61,84,100,6.06,overcast clouds
Tiarei,PF,-17.5333,-149.3333,80.62,79,99,18.12,light rain
Paita,PE,-5.0892,-81.1144,77.56,70,25,13.24,scattered clouds
Saldanha,ZA,-33.0117,17.9442,57.25,84,0,21.65,clear sky
Cidreira,BR,-30.1811,-50.2056,69.57,84,100,13.82,light rain
Chokurdakh,RU,70.6333,147.9167,22.87,94,97,8.88,overcast clouds
Les Cayes,HT,18.2,-73.75,87.13,59,39,10.54,scattered clouds
Labuhan,ID,-6.8844,112.2051,77.81,79,25,8.12,scattered clouds
Mount Gambier,AU,-37.8333,140.7667,53.51,94,90,4.61,overcast clouds
Port Blair,IN,11.6667,92.75,79.11,83,100,3.58,overcast clouds
La Ronge,CA,55.1001,-105.2842,62.85,59,40,6.91,smoke
Mago,RU,53.2514,140.1822,49.6,75,99,5.01,overcast clouds
Kavieng,PG,-2.5744,150.7967,81.39,78,87,10.2,overcast clouds
Bluff,NZ,-46.6,168.3333,43.81,83,89,14.56,overcast clouds
Luba,GQ,3.4568,8.5547,76.89,82,54,5.06,broken clouds
Aswan,EG,24.0934,32.907,85.3,17,0,9.22,clear sky
East London,ZA,-33.0153,27.9116,63.46,74,100,9.06,overcast clouds
Saskylakh,RU,71.9167,114.0833,21.99,92,100,4.59,overcast clouds
Meulaboh,ID,4.1363,96.1285,75.36,91,100,5.86,overcast clouds
Rawson,AR,-43.3002,-65.1023,66.49,21,48,8.39,scattered clouds
Kaseda,JP,31.4167,130.3167,76.05,81,0,12.46,clear sky
Alofi,NU,-19.0595,-169.9187,76.89,94,75,11.5,broken clouds
Puerto Ayora,EC,-0.7393,-90.3518,78.76,84,88,10.11,overcast clouds
Babai,IN,22.7,77.9333,74.35,91,77,5.26,broken clouds
Linqiong,CN,30.4159,103.4609,71.42,82,0,2.04,clear sky
Torbay,CA,47.6666,-52.7314,66.67,64,75,20.71,broken clouds
Nanortalik,GL,60.1432,-45.2371,40.15,53,1,8.16,clear sky
Cherskiy,RU,68.75,161.3,6.85,91,37,3.67,scattered clouds
Mikhaylovskoye,RU,51.8239,79.7172,44.46,77,100,12.24,overcast clouds
Bredasdorp,ZA,-34.5322,20.0403,57.27,86,86,4.56,overcast clouds
Ancud,CL,-41.8697,-73.8203,56.73,58,84,5.68,broken clouds
Pevek,RU,69.7008,170.3133,19.51,85,98,5.21,overcast clouds
Grand-Santi,GF,4.25,-54.3833,95.95,30,85,4.76,overcast clouds
Mar Del Plata,AR,-38.0023,-57.5575,59.0,69,0,8.99,clear sky
Mugur-Aksy,RU,50.35,90.5,26.37,93,84,4.0,broken clouds
Komsomolskiy,UZ,40.4272,71.7189,65.12,52,76,9.22,broken clouds
Bambous Virieux,MU,-20.3428,57.7575,72.21,68,75,17.27,light rain
Kirksville,US,40.1948,-92.5833,90.05,38,1,1.99,clear sky
Kingston,JM,17.997,-76.7936,88.75,66,20,5.75,light rain
Nago,JP,26.5881,127.9761,82.56,85,27,14.94,scattered clouds
Albany,US,42.6001,-73.9662,67.55,77,100,5.61,overcast clouds
Qaanaaq,GL,77.484,-69.3632,29.03,69,100,2.53,overcast clouds
Foam Lake,CA,51.65,-103.5343,87.82,16,1,16.55,clear sky
Yellowknife,CA,62.456,-114.3525,48.42,100,90,5.99,light rain
Catuday,PH,16.2923,119.8062,79.92,79,38,2.62,scattered clouds
Pontal Do Parana,BR,-25.6533,-48.5128,92.86,74,27,6.6,scattered clouds
Praia,CV,14.9215,-23.5087,84.74,65,0,11.5,clear sky
Hithadhoo,MV,-0.6,73.0833,82.58,74,21,9.62,few clouds
Rio Grande,BR,-32.035,-52.0986,66.31,95,100,10.0,overcast clouds
Melito Di Porto Salvo,IT,37.9222,15.7714,77.32,73,40,8.05,scattered clouds
Cabo San Lucas,MX,22.8909,-109.9124,94.51,63,0,5.95,clear sky
Cabedelo,BR,-6.9811,-34.8339,81.27,73,11,19.35,few clouds
Arraial Do Cabo,BR,-22.9661,-42.0278,78.76,78,0,20.71,clear sky
Avera,US,33.194,-82.5271,87.71,40,92,5.68,overcast clouds
Leningradskiy,RU,69.3833,178.4167,23.63,96,100,9.93,light snow
Ponta Do Sol,PT,32.6667,-17.1,75.83,76,70,3.6,broken clouds
Katsuura,JP,35.1333,140.3,68.18,84,11,9.08,few clouds
Pemba,MZ,-12.974,40.5178,77.41,76,5,11.27,clear sky
Constitucion,CL,-35.3333,-72.4167,60.93,50,0,9.26,clear sky
Kaitangata,NZ,-46.2817,169.8464,40.95,89,15,7.29,few clouds
Fernie,CA,49.5,-115.0687,55.62,94,100,6.4,overcast clouds
Saint-Philippe,RE,-21.3585,55.7679,71.15,76,15,14.67,few clouds
Paraiso,CR,9.8383,-83.8656,75.11,89,100,2.73,overcast clouds
San Patricio,US,28.017,-97.5169,95.16,43,71,12.86,broken clouds
Carnarvon,AU,-24.8667,113.6333,59.07,88,35,6.91,scattered clouds
Bethel,US,41.3712,-73.414,70.16,85,75,5.75,broken clouds
Yumen,CN,40.2833,97.2,60.28,21,0,7.63,clear sky
Port Moresby,PG,-9.4431,147.1797,74.62,100,75,3.44,fog
Puerto Escondido,MX,15.85,-97.0667,85.87,67,21,7.61,few clouds
Ransang,PH,8.9603,117.5828,79.11,83,54,1.32,broken clouds
Walvis Bay,NA,-22.9575,14.5053,57.09,76,4,5.75,clear sky
Xianyang,CN,34.3378,108.7026,60.04,100,0,2.24,mist
Port Alfred,ZA,-33.5906,26.891,61.3,75,50,7.7,scattered clouds
Bereda,ES,43.2686,-7.5406,57.92,92,100,1.79,overcast clouds
Keetmanshoop,NA,-26.5833,18.1333,70.72,35,100,16.91,overcast clouds
Tual,ID,-5.6667,132.75,80.83,83,21,11.97,few clouds
Guerrero Negro,MX,27.9769,-114.0611,74.05,61,49,15.68,scattered clouds
Yako,BF,12.9667,-2.2667,90.45,25,95,2.28,overcast clouds
Maksatikha,RU,57.797,35.8825,40.23,85,63,3.47,broken clouds
Carman,CA,49.4992,-98.0016,84.7,24,14,7.65,few clouds
Mpika,ZM,-11.8343,31.4529,74.01,37,88,3.36,overcast clouds
Saint-Francois,FR,46.4154,3.9054,54.84,89,0,0.0,clear sky
Iqaluit,CA,63.7506,-68.5145,33.53,69,40,3.0,scattered clouds
Cap Malheureux,MU,-19.9842,57.6142,72.46,66,89,7.0,overcast clouds
Havelock,US,34.8791,-76.9013,84.97,66,3,7.0,clear sky
Lorut,AM,40.9372,44.7714,48.0,92,96,2.37,overcast clouds
Teguldet,RU,57.3064,88.1667,32.76,96,63,4.32,broken clouds
Nicoya,CR,10.1483,-85.452,90.95,69,92,3.36,light rain
Kodiak,US,57.79,-152.4072,47.71,71,90,5.75,overcast clouds
Jamestown,US,42.097,-79.2353,69.53,55,1,5.99,clear sky
Port-Cartier,CA,50.0334,-66.8654,59.22,58,89,8.66,overcast clouds
Atasu,KZ,48.6814,71.6433,47.75,83,73,10.13,broken clouds
Davenport,US,41.5236,-90.5776,83.93,49,1,9.22,clear sky
Loding,NO,67.3,14.75,55.83,61,90,7.0,overcast clouds
Buraydah,SA,26.326,43.975,84.65,9,5,7.63,clear sky
Chuy,UY,-33.6971,-53.4616,59.56,87,100,13.31,overcast clouds
Santa Ana,US,33.7456,-117.8678,75.78,67,75,5.01,broken clouds
Tabuk,PH,17.4189,121.4443,73.58,92,16,2.44,few clouds
Hervey Bay,AU,-25.2986,152.8535,66.04,68,100,12.3,overcast clouds
Athabasca,CA,54.7169,-113.2854,60.62,39,100,10.11,overcast clouds
Atocha,BO,-20.9333,-66.2333,66.79,17,2,7.9,clear sky
Margate,GB,51.3813,1.3862,60.69,80,100,5.01,moderate rain
Beliu,RO,46.4833,21.9833,63.18,88,100,5.23,overcast clouds
Samarai,PG,-10.6167,150.6667,78.3,88,100,13.6,overcast clouds
Wladyslawowo,PL,54.7909,18.4009,58.93,67,100,15.5,overcast clouds
Lorengau,PG,-2.0226,147.2712,81.27,78,64,6.67,broken clouds
Touros,BR,-5.1989,-35.4608,83.3,71,8,19.28,clear sky
Taungdwingyi,MM,20.0167,95.55,74.43,93,100,1.92,overcast clouds
Marawi,PH,7.9986,124.2928,67.64,92,100,3.02,overcast clouds
Buchanan,LR,5.8808,-10.0467,73.36,84,94,5.75,overcast clouds
Rocha,UY,-34.4833,-54.3333,58.6,87,100,10.11,overcast clouds
Vostok,RU,46.4856,135.8833,49.64,96,3,4.45,clear sky
Berdigestyakh,RU,62.0989,126.6992,30.43,81,6,4.99,clear sky
Mercedes,AR,-34.6515,-59.4307,64.51,56,36,10.47,scattered clouds
Thompson,CA,55.7435,-97.8558,64.56,48,20,8.05,few clouds
Isangel,VU,-19.55,169.2667,69.91,73,94,5.75,overcast clouds
Anadyr,RU,64.75,177.4833,21.7,86,0,8.95,clear sky
Vasudevanallur,IN,9.2333,77.4167,77.13,74,90,8.48,overcast clouds
Adre,TD,13.4667,22.2,81.0,49,4,0.58,clear sky
Kosmynino,RU,57.5818,40.7643,35.08,82,8,5.64,clear sky
Kalmunai,LK,7.4167,81.8167,82.15,63,100,7.09,overcast clouds
Clyde River,CA,70.4692,-68.5914,34.03,80,90,5.75,overcast clouds
Hailar,CN,49.2,119.7,34.66,61,0,12.59,clear sky
Fairbanks,US,64.8378,-147.7164,28.31,82,1,0.0,clear sky
Bengkulu,ID,-3.8004,102.2655,75.61,91,92,3.31,moderate rain
Madang,PG,-5.2246,145.7966,76.64,90,82,1.77,broken clouds
Sioux Lookout,CA,50.1001,-91.917,70.18,52,20,4.61,few clouds
Leshan,CN,29.5623,103.7639,67.69,91,0,2.48,light rain
Khuzdar,PK,27.7384,66.6434,78.06,54,5,3.33,clear sky
Boda,CF,4.3189,17.4695,71.11,95,84,1.39,light rain
San Policarpo,PH,12.1791,125.5072,78.04,89,100,5.32,overcast clouds
Porto Novo,BJ,6.4965,2.6036,80.42,84,31,6.51,scattered clouds
Skerries,IE,53.5828,-6.1083,51.01,66,38,12.53,scattered clouds
Zambezi,ZM,-13.5432,23.1047,75.96,27,1,2.08,clear sky
Ipixuna,BR,-1.7625,-48.8043,85.95,70,89,4.59,overcast clouds
Birjand,IR,32.8663,59.2211,64.87,15,0,6.91,clear sky
Luena,AO,-11.7833,19.9167,68.72,42,27,1.5,scattered clouds
Ostrovnoy,RU,68.0531,39.5131,48.65,85,100,11.74,overcast clouds
Urumqi,CN,43.801,87.6005,54.55,38,0,2.24,clear sky
Jiayuguan,CN,39.8167,98.3,62.49,20,0,4.81,clear sky
Georgetown,MY,5.4112,100.3354,78.73,94,40,1.99,scattered clouds
Bandarbeyla,SO,9.4942,50.8122,81.46,72,60,23.55,broken clouds
Manaus,BR,-3.1019,-60.025,90.1,66,40,5.75,scattered clouds
Pozo Colorado,PY,-23.4923,-58.7972,104.23,18,66,8.55,broken clouds
Souillac,MU,-20.5167,57.5167,72.36,68,75,17.27,broken clouds
Beloha,MG,-25.1667,45.05,73.04,66,76,7.76,broken clouds
Suining,CN,30.508,105.5733,69.66,87,0,3.36,light rain
College,US,64.8569,-147.8028,28.29,81,40,0.0,scattered clouds
Zhanaozen,KZ,43.3,52.8,59.2,52,92,9.37,overcast clouds
Puyang,CN,29.4603,119.8861,73.54,83,0,1.25,clear sky
Flin Flon,CA,54.7682,-101.865,69.64,49,20,8.05,few clouds
Luoyang,CN,34.6836,112.4536,62.26,93,0,4.65,light rain
Macia,MZ,-25.0269,33.0989,70.39,84,0,10.96,clear sky
Padang,ID,-0.9492,100.3543,77.38,91,100,2.42,overcast clouds
Nabire,ID,-3.3667,135.4833,77.49,88,100,2.95,overcast clouds
Birin,NP,26.8865,88.0718,62.17,92,98,2.28,overcast clouds
Dingle,PH,10.9995,122.6711,75.7,90,100,2.84,overcast clouds
Iquitos,PE,-3.7481,-73.2472,89.64,55,40,3.44,scattered clouds
Esna,EG,25.2934,32.554,82.42,27,0,14.29,clear sky
Shestakovo,RU,56.4915,103.96,34.48,99,100,3.27,light rain
Faanui,PF,-16.4833,-151.75,79.34,74,21,18.43,few clouds
Broni,IT,45.0655,9.2623,72.61,76,100,2.77,overcast clouds
Cairns,AU,-16.9167,145.7667,73.35,93,75,3.44,broken clouds
Vanimo,PG,-2.6741,141.3028,76.69,90,93,3.98,overcast clouds
Manokwari,ID,-0.8667,134.0833,78.8,78,100,1.43,light rain
Mount Isa,AU,-20.7333,139.5,78.57,57,90,6.91,light rain
Khatanga,RU,71.9667,102.5,27.7,69,100,6.87,overcast clouds
Muroto,JP,33.2833,134.15,75.51,81,74,16.28,broken clouds
Prince Rupert,CA,54.3161,-130.3201,49.69,79,75,2.3,light rain
Morondava,MG,-20.2833,44.2833,75.31,83,5,11.56,clear sky
Turukhansk,RU,65.8167,87.9833,33.21,81,100,5.32,overcast clouds
Soe,ID,-9.8607,124.284,63.27,87,15,3.89,few clouds
Sisimiut,GL,66.9395,-53.6735,34.36,42,0,7.27,clear sky
Alto Araguaia,BR,-17.3147,-53.2153,93.04,24,98,7.2,overcast clouds
Sakaraha,MG,-22.9,44.5333,67.95,80,25,5.44,scattered clouds
Qui Nhon,VN,13.7667,109.2333,77.74,90,100,6.31,overcast clouds
Birao,CF,10.2849,22.7882,74.21,79,100,5.46,overcast clouds
Itoman,JP,26.1247,127.6694,82.42,88,20,8.05,few clouds
Vila Do Maio,CV,15.1333,-23.2167,84.99,79,0,10.83,clear sky
Tomatlan,MX,19.9333,-105.25,81.23,79,100,1.52,overcast clouds
Bad Mergentheim,DE,49.4925,9.7736,55.98,76,100,2.62,overcast clouds
Bull Savanna,JM,17.8868,-77.5902,84.13,62,1,9.51,clear sky
Shima,CN,24.4478,117.8111,81.21,91,0,2.53,light rain
Tiksi,RU,71.6872,128.8694,31.03,98,99,2.35,overcast clouds
San Ramon,US,37.7799,-121.978,74.44,40,1,1.99,clear sky
Pacifica,US,37.6138,-122.4869,74.79,59,20,6.91,few clouds
Hofn,IS,64.2539,-15.2082,40.32,52,99,11.41,overcast clouds
Parsons,US,37.3403,-95.2611,89.98,29,100,12.15,overcast clouds
Port Lincoln,AU,-34.7333,135.8667,56.19,87,49,12.08,scattered clouds
Ilulissat,GL,69.2167,-51.1,30.22,34,1,14.97,clear sky
Waipawa,NZ,-41.4122,175.5153,45.93,75,0,4.14,clear sky
Sanary-Sur-Mer,FR,43.1178,5.8001,72.88,74,100,3.0,overcast clouds
Udobnaya,RU,44.1932,41.5529,49.64,91,100,3.0,overcast clouds
Tuatapere,NZ,-46.1333,167.6833,43.83,93,50,6.06,scattered clouds
Dikson,RU,73.5069,80.5464,36.07,99,100,16.2,light rain
Koumac,NC,-20.5667,164.2833,67.98,84,8,4.83,clear sky
Wanxian,CN,30.8039,108.3897,73.56,92,100,1.34,light rain
Imeni Poliny Osipenko,RU,52.4201,136.4853,51.53,81,100,10.51,overcast clouds
Armidale,AU,-30.5167,151.65,46.81,94,100,3.87,moderate rain
Klaksvik,FO,62.2266,-6.589,49.12,80,91,15.03,overcast clouds
Kupang,ID,-10.1667,123.5833,75.69,85,56,6.04,broken clouds
Lebu,CL,-37.6167,-73.65,55.27,62,100,10.16,overcast clouds
Port Elizabeth,ZA,-33.918,25.5701,59.29,82,75,5.75,broken clouds
Grindavik,IS,63.8424,-22.4338,39.15,93,75,31.07,broken clouds
Elizabeth City,US,36.2946,-76.2511,87.85,52,1,3.0,clear sky
Ajdabiya,LY,30.7554,20.2263,74.25,74,0,8.46,clear sky
Severo-Kurilsk,RU,50.6789,156.125,49.96,78,94,6.78,overcast clouds
Luwuk,ID,-0.9516,122.7875,76.46,86,98,4.94,overcast clouds
Kahului,US,20.8947,-156.47,83.46,81,40,19.57,scattered clouds
Atambua,ID,-9.1061,124.8925,71.08,86,21,4.38,few clouds
Chumikan,RU,54.7183,135.315,50.29,84,100,11.36,light rain
Hualmay,PE,-11.0964,-77.6139,67.33,71,32,8.97,scattered clouds
Necochea,AR,-38.5473,-58.7368,59.09,44,0,7.36,clear sky
Umm Kaddadah,SD,13.6017,26.6876,92.71,18,6,14.47,clear sky
Chilca,PE,-12.5211,-76.7372,69.08,76,12,6.91,few clouds
Aklavik,CA,68.2191,-135.0107,31.03,94,100,17.18,snow
Ixtapa,MX,20.7,-105.2,88.23,73,24,1.99,few clouds
Coquimbo,CL,-29.9533,-71.3436,60.53,77,40,12.66,scattered clouds
Sur,OM,22.5667,59.5289,85.57,63,72,9.57,broken clouds
Boden,SE,65.8252,21.6886,50.0,96,11,4.99,few clouds
Toora-Khem,RU,52.4675,96.11,23.38,58,2,1.25,clear sky
Kirakira,SB,-10.4544,161.9205,78.4,84,99,8.72,overcast clouds
Narsaq,GL,60.9167,-46.05,41.22,39,0,4.45,clear sky
Avarua,CK,-21.2078,-159.775,77.05,78,75,8.05,broken clouds
Oranjemund,NA,-28.55,16.4333,56.19,84,100,14.5,overcast clouds
Okhansk,RU,57.7186,55.3877,32.07,85,100,4.92,overcast clouds
Itaituba,BR,-4.2761,-55.9836,89.76,62,40,4.79,scattered clouds
Yabrud,SY,33.9674,36.6574,60.46,63,0,0.92,clear sky
Esperance,AU,-33.8667,121.9,49.84,87,100,7.96,overcast clouds
Carroll,US,39.5501,-77.0164,79.12,68,40,3.0,scattered clouds
Asosa,ET,10.0667,34.5333,61.27,93,39,4.72,scattered clouds
Viedma,AR,-40.8135,-62.9967,69.91,13,5,7.87,clear sky
Nardaran,AZ,40.5561,50.0056,62.24,100,90,11.5,overcast clouds
Hengyang,CN,26.8881,112.615,76.55,87,56,9.24,light rain
Port Hedland,AU,-20.3167,118.5667,64.45,59,3,9.22,clear sky
Derzhavinsk,KZ,51.1,66.3167,44.26,76,100,6.62,overcast clouds
Vila,PT,42.0304,-8.1588,52.93,77,11,2.91,few clouds
Belyy Yar,RU,53.6039,91.3903,26.49,86,0,4.47,clear sky
Victor Harbor,AU,-35.5667,138.6167,58.71,87,88,8.59,overcast clouds
Nemuro,JP,43.3236,145.575,57.7,85,60,10.51,broken clouds
Bairiki,KI,1.3292,172.9752,82.4,69,40,16.11,scattered clouds
Salalah,OM,17.0151,54.0924,82.49,89,75,5.75,broken clouds
Moree,AU,-29.4667,149.85,57.22,82,90,11.5,light rain
Gucheng,CN,35.9115,111.3192,61.52,91,15,2.51,light rain
Beyneu,KZ,45.3167,55.2,55.29,62,4,12.06,clear sky
Calvinia,ZA,-31.4707,19.776,56.25,49,100,5.01,overcast clouds
Terrace,CA,54.5163,-128.6035,54.43,81,75,13.8,light intensity shower rain
Kadoma,JP,34.7333,135.5833,75.18,66,17,3.74,few clouds
Montepuez,MZ,-13.1256,38.9997,72.82,57,12,8.95,few clouds
Shache,CN,38.4167,77.2406,69.46,15,0,3.91,clear sky
Katangli,RU,51.7102,143.2326,51.12,95,21,6.58,few clouds
Manavalakurichi,IN,8.1333,77.3,78.89,88,65,14.25,broken clouds
Half Moon Bay,US,37.4636,-122.4286,74.82,46,1,1.99,clear sky
Norman Wells,CA,65.282,-126.8329,32.04,93,90,11.5,snow
Beringovskiy,RU,63.05,179.3167,30.6,57,20,7.52,few clouds
Hasaki,JP,35.7333,140.8333,63.28,80,10,7.38,clear sky
Baykit,RU,61.67,96.37,36.84,82,100,2.66,overcast clouds
Caravelas,BR,-17.7125,-39.2481,77.99,66,9,8.3,clear sky
Sitka,US,57.0531,-135.33,51.69,62,75,9.22,broken clouds
Mabaruma,GY,8.2,-59.7833,80.46,83,100,5.5,overcast clouds
Alexandria,EG,31.2156,29.9553,76.96,65,0,9.22,clear sky
Sharan,RU,54.8167,54.0,38.46,67,100,8.63,overcast clouds
Fortuna,US,40.5982,-124.1573,64.92,61,20,3.0,few clouds
Lere,NG,10.387,8.5726,74.84,64,85,1.68,overcast clouds
Goundam,ML,16.4145,-3.6708,98.91,10,0,9.31,clear sky
Antalaha,MG,-14.9003,50.2788,70.74,87,41,7.74,light rain
Saint-Pierre,RE,-21.3393,55.4781,71.24,79,0,4.61,clear sky
Mwinilunga,ZM,-11.7358,24.4293,68.61,54,29,3.53,scattered clouds
Robertsport,LR,6.7533,-11.3686,79.16,81,95,8.57,overcast clouds
Sergiyev Posad,RU,56.3,38.1333,38.95,84,47,4.52,scattered clouds
High Level,CA,58.5169,-117.136,48.31,93,90,9.22,mist
Waddan,LY,29.1614,16.139,81.99,22,0,5.68,clear sky
Nynashamn,SE,58.9034,17.9479,55.62,82,100,13.69,overcast clouds
Ubinskoye,RU,55.3068,79.6802,35.51,79,100,9.82,overcast clouds
Jieshi,CN,22.8134,115.8257,79.34,79,0,4.18,clear sky
Usakos,NA,-22.0,15.6,61.27,57,0,8.93,clear sky
Soller,ES,39.7662,2.7152,76.62,72,88,1.21,overcast clouds
Capao Da Canoa,BR,-29.7456,-50.0097,69.03,91,100,9.8,moderate rain
Kushmurun,KZ,52.4503,64.6311,37.6,96,100,21.74,light rain
Phangnga,TH,8.4509,98.5298,77.04,94,95,2.62,overcast clouds
Broome,US,42.2506,-75.833,66.38,63,90,1.01,overcast clouds
Elk Point,US,42.6833,-96.6836,90.9,21,90,15.32,overcast clouds
Correderos,HN,15.4167,-88.45,84.45,67,91,3.91,overcast clouds
Kuytun,RU,54.3419,101.5036,29.71,95,100,6.87,overcast clouds
Los Llanos De Aridane,ES,28.6585,-17.9182,72.12,88,20,16.11,volcanic ash
Vila Franca Do Campo,PT,37.7167,-25.4333,77.2,84,29,6.35,scattered clouds
Shawville,CA,45.6001,-76.4827,61.09,48,51,8.23,broken clouds
Itarema,BR,-2.9248,-39.9167,83.66,66,7,18.68,clear sky
Fort Nelson,CA,58.8053,-122.7002,38.79,93,90,2.3,mist
Coihaique,CL,-45.5752,-72.0662,54.21,50,75,9.22,broken clouds
Vao,NC,-22.6667,167.4833,68.4,74,34,16.98,scattered clouds
Gambela,ET,8.25,34.5833,72.03,94,100,3.0,overcast clouds
Ko Samui,TH,9.5357,99.9357,82.22,75,100,5.14,overcast clouds
Sao Borja,BR,-28.6606,-56.0044,66.94,93,100,11.07,overcast clouds
Bonfim,BR,3.0833,-59.95,91.92,43,50,7.63,scattered clouds
Ituango,CO,7.1712,-75.764,68.38,92,100,1.25,light rain
Ust-Omchug,RU,61.15,149.6333,22.98,87,100,6.53,overcast clouds
Mineral Wells,US,32.8085,-98.1128,95.92,40,1,10.36,thunderstorm
Zabid,YE,14.1951,43.3152,89.26,63,93,5.91,overcast clouds
Itigi,TZ,-5.7,34.4833,76.5,35,59,11.12,broken clouds
Slave Lake,CA,55.2834,-114.769,53.58,82,90,5.75,overcast clouds
Mutoko,ZW,-17.397,32.2268,69.28,42,60,0.65,broken clouds
Dhidhdhoo,MV,6.8833,73.1,82.4,80,64,17.6,broken clouds
Hefei,CN,31.8639,117.2808,71.62,94,90,8.95,mist
Dire Dawa,ET,9.5931,41.8661,76.1,36,8,5.77,clear sky
Shahganj,IN,26.05,82.6833,82.31,80,15,6.31,few clouds
Vinces,EC,-1.55,-79.7333,87.69,36,79,5.86,broken clouds
Upata,VE,8.0086,-62.3989,87.42,51,54,3.98,broken clouds
Kandrian,PG,-6.2167,149.55,76.23,87,100,1.32,overcast clouds
Tura,IN,25.5198,90.2201,72.73,95,100,4.38,light rain
Naze,JP,28.3667,129.4833,78.35,78,5,18.32,clear sky
Praia Da Vitoria,PT,38.7333,-27.0667,72.75,94,75,11.59,broken clouds
Usinsk,RU,65.9939,57.5281,40.91,84,100,6.71,overcast clouds
Tulum,MX,20.2167,-87.4667,84.25,82,22,6.46,few clouds
Ribeira Grande,PT,38.5167,-28.7,73.8,88,40,14.97,scattered clouds
Lufilufi,WS,-13.8745,-171.5986,85.78,78,78,18.43,light rain
Barabinsk,RU,55.3571,78.357,35.33,79,100,8.95,overcast clouds
Borba,BR,-4.3878,-59.5939,87.87,53,100,1.39,overcast clouds
Kruisfontein,ZA,-34.0033,24.7314,53.89,84,100,5.44,overcast clouds
Bajil,YE,15.0584,43.2851,87.17,66,7,4.72,clear sky
Bourail,NC,-21.5667,165.4833,65.07,86,15,4.0,few clouds
Leh,IN,34.1667,77.5833,56.79,38,0,4.83,clear sky
Presidente Epitacio,BR,-21.7633,-52.1156,99.79,18,83,4.54,broken clouds
Mujiayingzi,CN,42.1167,118.7833,56.14,88,6,6.64,clear sky
Merauke,ID,-8.4667,140.3333,75.43,88,96,10.89,overcast clouds
Burnie,AU,-41.0667,145.9167,47.35,86,84,7.27,broken clouds
Conakry,GN,9.538,-13.6773,80.67,83,75,9.22,broken clouds
Okhotsk,RU,59.3833,143.3,41.86,91,100,7.72,overcast clouds
Barabai,ID,-2.5833,115.3833,74.07,95,100,1.48,overcast clouds
Mitsamiouli,KM,-11.3847,43.2844,77.92,79,5,6.26,clear sky
Lipin Bor,RU,60.2622,37.9763,43.05,87,100,3.04,overcast clouds
Gizo,SB,-8.103,156.8419,80.51,80,100,7.78,overcast clouds
Erzurum,TR,40.0,41.5,49.68,62,0,6.67,clear sky
Maningrida,AU,-12.0667,134.2667,76.1,86,75,7.31,broken clouds
Tefe,BR,-3.3542,-64.7114,93.31,59,40,2.59,scattered clouds
San Andres,CO,12.5847,-81.7006,87.82,74,75,11.5,broken clouds
Visnes,NO,59.3556,5.2242,58.21,77,20,14.97,few clouds
Aksarka,RU,66.5606,67.7975,35.49,94,99,4.94,overcast clouds
Mareeba,AU,-17.0,145.4333,68.72,95,100,4.9,overcast clouds
Borodino,RU,55.9106,94.8983,33.76,96,99,1.54,overcast clouds
Geraldton,AU,-28.7667,114.6,57.61,94,90,5.75,overcast clouds
Deputatskiy,RU,69.3,139.9,16.36,87,55,2.75,broken clouds
Zhigansk,RU,66.7697,123.3711,31.19,82,20,19.98,few clouds
Bilma,NE,18.6853,12.9164,90.23,25,9,9.86,clear sky
Gat,IL,31.61,34.7642,75.88,71,0,3.62,clear sky
Kismayo,SO,-0.3582,42.5454,77.22,89,55,12.64,broken clouds
Kyabe,TD,9.4515,18.9449,74.25,91,100,2.19,light rain
Hobyo,SO,5.3505,48.5268,79.27,80,35,26.87,scattered clouds
Poronaysk,RU,49.2167,143.1167,56.57,92,54,4.63,broken clouds
Buta,CD,2.7858,24.73,70.21,95,100,1.9,light rain
Florianopolis,BR,-27.6146,-48.5012,78.26,78,0,5.01,clear sky
Mudgee,AU,-32.5943,149.5871,56.79,100,90,0.0,overcast clouds
Cururupu,BR,-1.8283,-44.8683,82.69,71,45,5.35,scattered clouds
Bowen,AU,-20.0167,148.2333,62.82,77,37,17.69,scattered clouds
Kosh-Agach,RU,50.0,88.6667,29.26,84,100,1.07,overcast clouds
Richards Bay,ZA,-28.783,32.0377,67.82,84,85,6.82,overcast clouds
Joshimath,IN,30.5667,79.5667,65.41,84,10,2.73,clear sky
Quibdo,CO,5.6947,-76.6611,76.05,94,100,4.05,overcast clouds
Valparaiso,CL,-33.0393,-71.6273,75.43,51,0,4.61,clear sky
Jieznas,LT,54.6,24.1667,48.65,83,6,7.31,clear sky
Coxim,BR,-18.5067,-54.76,98.08,24,100,8.12,overcast clouds
Kutum,SD,14.2,24.6667,83.48,25,0,14.41,clear sky
Berlevag,NO,70.8578,29.0864,55.4,54,0,18.41,clear sky
Lakselv,NO,70.0513,24.9718,53.42,54,0,9.22,clear sky
North Adams,US,42.7009,-73.1087,67.24,69,100,1.01,overcast clouds
Hirna,ET,9.2167,41.1,65.19,46,19,4.34,few clouds
Elesbao Veloso,BR,-6.2019,-42.1403,102.97,14,17,6.24,few clouds
Eureka,US,40.8021,-124.1637,65.19,75,0,7.0,clear sky
Sidhi,IN,24.4167,81.8833,77.04,86,45,4.0,scattered clouds
Nyrob,RU,60.733,56.7202,32.94,88,90,2.82,overcast clouds
San Cristobal,VE,7.7669,-72.225,84.38,45,100,7.43,overcast clouds
Arman,RU,59.7,150.1667,31.01,88,100,15.05,light snow
Raga,SS,8.4596,25.678,72.75,91,100,2.44,light rain
Uruzgan,AF,32.8333,66.0,67.82,17,0,1.99,clear sky
Imphal,IN,24.8167,93.95,67.5,97,85,1.88,overcast clouds
Korhogo,CI,9.45,-5.6333,78.69,64,51,2.19,broken clouds
Iquique,CL,-20.2208,-70.1431,66.24,67,17,4.7,few clouds
Olafsvik,IS,64.8945,-23.7142,36.32,86,100,49.46,overcast clouds
Hami,CN,42.8,93.45,64.24,23,5,4.54,clear sky
Alpena,US,45.0617,-83.4327,63.91,52,1,5.01,clear sky
Namatanai,PG,-3.6667,152.4333,79.11,80,98,5.28,overcast clouds
Hanzhong,CN,33.0728,107.0303,63.61,93,1,0.36,clear sky
Tezu,IN,27.9167,96.1667,75.06,83,84,3.42,broken clouds
Antofagasta,CL,-23.65,-70.4,63.77,67,12,7.52,few clouds
Longonjo,AO,-12.9067,15.2533,72.27,46,100,1.86,overcast clouds
West Fargo,US,46.875,-96.9004,89.02,36,1,5.01,clear sky
Tilichiki,RU,60.4667,166.1,28.69,81,100,6.76,overcast clouds
Pochutla,MX,15.7432,-96.4661,84.81,55,26,7.81,scattered clouds
Kudahuvadhoo,MV,2.6708,72.8944,82.8,74,90,12.88,overcast clouds
Sao Joao Da Barra,BR,-21.6403,-41.0511,80.69,78,6,16.2,clear sky
Emerald,AU,-23.5333,148.1667,68.14,77,90,14.97,overcast clouds
Uray,RU,60.1247,64.7758,38.75,77,79,5.77,broken clouds
Pangnirtung,CA,66.1451,-65.7125,32.0,80,75,3.44,broken clouds
Latung,PH,5.5,120.8833,83.35,72,93,4.74,overcast clouds
Huejucar,MX,22.35,-103.2167,74.19,54,13,8.59,few clouds
Mahanoro,MG,-19.9,48.8,68.41,88,1,6.31,clear sky
Bathsheba,BB,13.2167,-59.5167,90.21,58,20,9.22,few clouds
Copiapo,CL,-27.3667,-70.3333,58.69,21,12,9.62,few clouds
Acapulco,MX,16.8634,-99.8901,84.9,66,70,4.03,broken clouds
Khandyga,RU,62.6667,135.6,31.87,60,0,6.58,clear sky
Kingaroy,AU,-26.5333,151.8333,51.84,93,100,0.0,moderate rain
Rockhampton,AU,-23.3833,150.5,67.89,68,40,5.75,scattered clouds
Osmanabad,IN,18.1667,76.05,69.04,90,100,11.14,overcast clouds
Petropavlovsk-Kamchatskiy,RU,53.0452,158.6483,43.39,81,75,2.24,broken clouds
Ilyich,KZ,40.8464,68.5067,62.53,34,93,4.0,overcast clouds
Baghdad,IQ,33.3406,44.4009,76.91,27,0,6.91,clear sky
Sept-Iles,CA,50.2001,-66.3821,59.52,68,75,7.0,broken clouds
Saint Anthony,US,45.0205,-93.218,81.91,49,1,1.99,clear sky
Krasnyy Chikoy,RU,50.3643,108.7512,30.97,72,96,3.51,overcast clouds
Codrington,AU,-38.2667,141.9667,51.51,61,100,7.4,light rain
Tungor,RU,53.3808,142.9564,49.51,96,65,5.26,broken clouds
Bambanglipuro,ID,-7.95,110.2833,55.6,88,36,3.76,scattered clouds
Davila,PH,18.4726,120.5763,80.51,79,79,5.77,broken clouds
Aksu,CN,41.1231,80.2644,68.11,18,28,5.48,scattered clouds
Galdar,ES,28.147,-15.6502,75.34,78,32,18.32,scattered clouds
Oriximina,BR,-1.7656,-55.8661,89.87,49,71,4.36,broken clouds
Dharchula,IN,29.85,80.5333,67.42,84,5,4.45,clear sky
Marfino,RU,55.7028,37.3822,43.09,87,0,2.24,clear sky
Lasa,IT,46.6166,10.7002,62.02,92,100,3.83,overcast clouds
Rockport,US,28.0206,-97.0544,95.25,72,20,3.0,few clouds
Durant,US,33.994,-96.3708,93.72,40,40,12.66,scattered clouds
Hongjiang,CN,27.11,109.9956,73.36,93,34,2.1,moderate rain
Dunedin,NZ,-45.8742,170.5036,47.8,73,54,5.7,broken clouds
Vila Velha,BR,-20.3297,-40.2925,80.96,68,20,16.11,few clouds
Rasshevatskaya,RU,45.5748,41.035,57.33,58,99,8.05,overcast clouds
Amapa,BR,1.0,-52.0,96.26,27,4,5.17,clear sky
Dabakala,CI,8.3667,-4.4333,76.71,78,10,2.62,clear sky
Pyinmana,MM,19.7333,96.2167,73.69,95,100,1.83,overcast clouds
Nassau,US,40.7507,-73.5829,73.17,74,90,1.99,overcast clouds
Bilibino,RU,68.0546,166.4372,11.55,96,100,3.6,overcast clouds
Sibinal,GT,15.1333,-92.05,66.27,80,68,4.09,broken clouds
Vogar,IS,63.9832,-22.3874,39.24,93,75,31.07,broken clouds
Verkhnevilyuysk,RU,63.4453,120.3167,27.41,94,8,6.11,clear sky
Buala,SB,-8.145,159.5921,80.51,83,88,8.7,light rain
Yamada,JP,39.4667,141.95,60.87,88,55,4.72,broken clouds
Whittlesea,ZA,-32.1759,26.8244,54.14,85,100,7.52,overcast clouds
Banyo,CM,6.75,11.8167,65.44,95,99,2.91,moderate rain
Taoudenni,ML,22.6783,-3.9836,99.12,8,0,11.3,clear sky
Zhezkazgan,KZ,47.8043,67.7144,52.72,59,83,8.93,broken clouds
Papara,BR,-3.9839,-38.7273,85.73,58,10,8.08,clear sky
General Roca,AR,-39.0333,-67.5833,70.2,19,96,20.4,overcast clouds
Oberstdorf,DE,47.4,10.2833,55.6,94,100,1.01,light rain
Oneida,US,43.2001,-75.4663,68.2,46,1,7.0,clear sky
Genc,TR,38.7507,40.5603,63.75,32,0,3.2,clear sky
Inta,RU,66.0317,60.1659,37.42,98,100,4.21,overcast clouds
Westport,US,41.1415,-73.3579,73.27,85,90,5.01,overcast clouds
Slavyanka,RU,42.8633,131.3847,62.64,91,100,1.7,overcast clouds
Moses Lake,US,47.1301,-119.2781,63.88,51,1,13.8,clear sky
Bud,US,39.447,-86.1758,84.9,64,0,2.28,clear sky
Kulachi,PK,31.9286,70.4592,92.43,35,0,7.63,clear sky
Mbandaka,CD,0.0487,18.2603,71.78,95,80,1.86,light rain
Salair,RU,54.2312,85.7972,31.41,90,15,3.38,few clouds
Bend,US,44.0582,-121.3153,54.68,58,75,1.01,broken clouds
Kalabo,ZM,-14.97,22.6814,76.48,24,18,2.06,few clouds
Saint George,US,37.1041,-113.5841,86.47,33,1,1.01,clear sky
Soyo,AO,-6.1349,12.3689,75.61,81,61,12.55,broken clouds
Bermejo,AR,-32.8833,-68.8,71.51,24,0,6.91,clear sky
Muncar,ID,-8.4333,114.3333,73.63,90,74,0.83,broken clouds
Benguela,AO,-12.5763,13.4055,71.67,83,3,7.49,clear sky
Mangrol,IN,21.1167,70.1167,77.81,94,100,12.01,moderate rain
Glace Bay,CA,46.1969,-59.957,65.57,89,90,1.99,overcast clouds
Xuddur,SO,4.1213,43.8894,77.31,63,91,16.8,overcast clouds
Siniscola,IT,40.5719,9.6922,72.95,74,35,4.29,scattered clouds
Sassandra,CI,4.95,-6.0833,75.52,90,82,6.02,broken clouds
Gedo,ET,9.0167,37.45,52.93,87,99,1.43,overcast clouds
Sechura,PE,-5.5569,-80.8222,73.29,65,29,15.23,scattered clouds
Kawalu,ID,-7.3817,108.2082,68.7,95,70,1.12,broken clouds
Auki,SB,-8.7676,160.7034,77.54,86,100,4.38,overcast clouds
Lata,PT,40.1629,-8.3327,62.08,83,1,4.41,clear sky
Alihe,CN,50.5667,123.7167,35.6,89,1,4.32,clear sky
Conroe,US,30.3119,-95.456,78.89,78,40,10.36,light rain
Surgut,RU,61.25,73.4167,37.58,81,0,6.71,clear sky
Maniitsoq,GL,65.4167,-52.9,34.14,46,0,7.31,clear sky
Abu Kamal,SY,34.4506,40.9171,81.19,27,0,7.16,clear sky
Sonoita,MX,31.85,-112.8333,86.52,29,0,16.89,clear sky
Hudiksvall,SE,61.729,17.1036,51.53,89,100,9.28,overcast clouds
Daru,PG,-9.0763,143.2092,77.47,86,100,12.33,overcast clouds
Novi Sanzhary,UA,49.3439,34.3108,49.69,76,65,8.79,broken clouds
Vinh,VN,18.6667,105.6667,76.5,91,2,2.62,clear sky
Port-Gentil,GA,-0.7193,8.7815,78.76,83,40,13.8,scattered clouds
Junin,AR,-34.5838,-60.9433,71.98,48,0,11.72,clear sky
Dolinsk,RU,47.35,142.8,58.86,97,50,7.61,scattered clouds
Port Macquarie,AU,-31.4333,152.9167,51.76,77,72,12.64,broken clouds
Utiel,ES,39.5667,-1.2,66.65,52,6,1.39,clear sky
Bayan,CN,46.0833,127.4,59.61,90,14,11.5,few clouds
Furukawa,JP,38.5717,140.9556,60.94,91,86,2.15,overcast clouds
Te Anau,NZ,-45.4167,167.7167,43.09,95,79,3.27,light rain
Sedro-Woolley,US,48.5039,-122.2361,60.98,86,90,5.75,overcast clouds
Alenquer,BR,-1.9417,-54.7383,91.74,42,60,3.33,broken clouds
General Pico,AR,-35.6566,-63.7568,67.03,30,24,11.77,few clouds
Road Town,VG,18.4167,-64.6167,89.64,66,40,9.22,scattered clouds
Jeremie,HT,18.65,-74.1167,83.97,72,28,2.1,scattered clouds
Tokonou,GN,9.65,-9.7833,73.9,84,86,2.28,light rain
Srednekolymsk,RU,67.45,153.6833,21.16,89,100,6.38,overcast clouds
Ulaangom,MN,49.9811,92.0667,31.71,59,11,1.28,few clouds
Aguimes,ES,27.9054,-15.4461,73.65,70,20,28.77,few clouds
Griffith,US,41.5284,-87.4237,81.0,54,1,3.0,clear sky
Leshukonskoye,RU,64.8989,45.7622,40.69,94,79,1.45,broken clouds
Tripoli,LY,32.8752,13.1875,77.54,70,0,5.99,clear sky
Sao Felix Do Xingu,BR,-6.6447,-51.995,80.15,71,73,0.92,broken clouds
Sangar,RU,63.9242,127.4739,32.16,67,0,1.01,clear sky
Belmonte,BR,-15.8631,-38.8828,77.5,67,14,8.1,few clouds
Barranca De Upia,CO,4.5696,-72.9668,85.1,63,100,3.06,overcast clouds
Gwadar,PK,25.1216,62.3254,85.03,67,79,3.47,broken clouds
Quatre Cocos,MU,-20.2078,57.7625,72.09,78,90,15.95,overcast clouds
Covington,US,39.0837,-84.5086,86.11,59,1,5.75,clear sky
Helong,CN,42.5397,128.9972,57.29,97,100,2.42,overcast clouds
Nuuk,GL,64.1835,-51.7216,38.01,60,1,13.8,clear sky
Grenaa,DK,56.4158,10.8783,55.85,93,96,8.34,overcast clouds
Providencia,MX,28.7167,-111.5833,90.21,57,0,8.99,clear sky
Lavrentiya,RU,65.5833,-171.0,30.69,79,100,3.78,overcast clouds
Casas Grandes,MX,30.3667,-107.95,75.43,38,6,16.6,clear sky
Miyako,JP,39.6367,141.9525,59.58,88,32,5.41,scattered clouds
Saint-Louis,SN,16.3333,-15.0,100.04,19,15,6.04,few clouds
Enshi,CN,30.3,109.4833,68.32,95,36,1.57,scattered clouds
Teguise,ES,29.0605,-13.564,71.82,64,20,23.02,few clouds
Sorland,NO,67.667,12.6934,53.67,81,100,2.93,overcast clouds
Yerofey Pavlovich,RU,53.9667,121.9667,36.99,77,100,4.32,overcast clouds
Riviere-Au-Renard,CA,48.9957,-64.3971,57.2,80,100,9.98,overcast clouds
Ketchikan,US,55.3422,-131.6461,52.27,71,90,11.5,overcast clouds
Yarkovo,RU,57.4028,67.0786,39.94,82,100,8.84,light rain
Koungou,YT,-12.7336,45.2042,76.71,73,0,3.44,clear sky
Morant Bay,JM,17.8815,-76.4093,89.22,72,21,7.05,few clouds
Yulara,AU,-25.2406,130.9889,55.24,41,0,6.91,clear sky
Puerto Narino,CO,-3.7703,-70.3831,84.15,57,100,1.34,light rain
Sao Gabriel Da Cachoeira,BR,-0.1303,-67.0892,84.0,74,40,4.61,thunderstorm
Barstow,US,34.8986,-117.0228,81.59,25,14,25.64,few clouds
Rocky Mountain House,CA,52.3668,-114.9188,60.55,38,88,6.91,overcast clouds
Teeli,RU,51.0333,90.2333,32.2,51,78,0.94,broken clouds
Vardo,NO,70.3705,31.1107,52.0,71,0,18.41,clear sky
Southbridge,US,42.0751,-72.0334,66.56,99,100,5.64,light rain
Nome,US,64.5011,-165.4064,33.87,61,90,3.44,overcast clouds
Saravan,AM,39.7196,45.6483,56.05,69,1,6.44,clear sky
Pokrovsk,UA,48.282,37.1758,48.87,77,83,9.46,broken clouds
Cordoba,AR,-31.4135,-64.1811,72.59,72,90,4.61,overcast clouds
Asau,RO,46.4333,26.4,52.75,93,100,1.81,overcast clouds
Ouadda,CF,8.0777,22.4007,68.85,97,100,4.0,overcast clouds
Erzin,TR,36.9559,36.2,74.12,84,29,1.92,scattered clouds
Matara,LK,5.9485,80.5353,78.58,84,99,12.55,overcast clouds
Forbes,AU,-33.3833,148.0167,55.17,94,100,11.27,overcast clouds
Russell,US,32.3502,-85.1999,87.08,47,40,4.61,scattered clouds
Hokitika,NZ,-42.7167,170.9667,47.35,83,100,2.89,overcast clouds
Banna,PH,17.98,120.655,75.92,85,53,3.18,broken clouds
Voh,NC,-20.9667,164.7,70.5,76,62,4.12,broken clouds
Svetlaya,RU,46.5389,138.3297,57.52,93,10,6.02,clear sky
Huambo,AO,-12.7761,15.7392,68.7,51,90,7.14,overcast clouds
Maykor,RU,59.0059,55.88,33.46,90,61,4.94,broken clouds
Preobrazheniye,RU,42.9019,133.9064,62.22,94,100,7.25,overcast clouds
Kansk,RU,56.2017,95.7175,34.21,91,100,1.61,overcast clouds
Mayo,US,38.8876,-76.5119,82.13,57,1,3.0,clear sky
Oparino,RU,59.8518,48.2783,36.19,85,100,4.14,overcast clouds
Faya,SA,18.3851,42.4509,69.91,53,72,3.71,broken clouds
Old Town,CZ,50.087,14.4202,62.85,84,75,1.99,broken clouds
Gariaband,IN,20.635,82.0614,73.22,97,94,4.21,overcast clouds
Northam,GB,51.0333,-4.2167,55.65,88,61,14.18,broken clouds
Bhuj,IN,23.2667,69.6667,86.18,68,98,8.57,moderate rain
Fort Madison,US,40.6298,-91.3151,86.72,48,1,8.05,clear sky
Midleton,IE,51.9153,-8.1805,47.98,89,10,10.07,clear sky
Portland,US,45.5234,-122.6762,60.64,90,75,1.99,broken clouds
Kushiro,JP,42.975,144.3747,55.85,83,82,1.3,broken clouds
Caraz,PE,-9.0486,-77.81,73.72,44,29,5.91,light rain
Tahta,EG,26.7693,31.5021,82.72,30,0,8.99,clear sky
Finote Selam,ET,10.7,37.2667,56.14,92,84,3.94,broken clouds
Martinez,US,38.0194,-122.1341,77.9,40,1,1.01,clear sky
Alice Springs,AU,-23.7,133.8833,58.55,29,2,8.05,clear sky
Namibe,AO,-15.1961,12.1522,64.27,85,93,4.61,overcast clouds
Tashtagol,RU,52.7657,87.8894,32.92,82,91,3.65,overcast clouds
Yankton,US,42.8711,-97.3973,89.85,33,1,14.97,clear sky
Flinders,AU,-34.5833,150.8552,61.38,83,100,1.01,light rain
Bonoua,CI,5.2741,-3.595,78.42,88,19,5.08,few clouds
Dorokhovo,RU,55.5506,36.3744,38.93,91,39,1.86,scattered clouds
Chegdomyn,RU,51.1167,133.0167,58.28,73,100,10.76,overcast clouds
Sarangani,PH,5.4033,125.4636,83.84,74,100,8.34,overcast clouds
Nobres,BR,-14.7203,-56.3275,93.74,34,69,1.52,broken clouds
Hailakandi,IN,24.6833,92.5667,75.16,98,97,1.72,light rain
Cabra,ES,37.4725,-4.4421,76.39,42,0,1.88,clear sky
Afua,BR,-0.1567,-50.3867,87.4,54,17,8.77,few clouds
Worland,US,44.0169,-107.9554,84.67,10,99,14.38,overcast clouds
Oktyabrskoye,RU,43.0645,44.7417,50.14,82,100,4.47,overcast clouds
Gigmoto,PH,13.7796,124.39,79.54,87,30,4.85,scattered clouds
Qarchi Gak,AF,37.04,66.7889,66.29,31,0,9.4,clear sky
Mana,GF,5.6592,-53.7767,84.15,67,39,9.64,scattered clouds
Poum,NC,-20.2333,164.0167,71.58,77,34,11.32,scattered clouds
Boa Vista,BR,2.8197,-60.6733,94.98,41,40,8.05,scattered clouds
Siparia,TT,10.1333,-61.5,91.81,71,7,4.0,clear sky
Hovd,MN,48.0056,91.6419,33.85,49,11,1.88,few clouds
Nhulunbuy,AU,-12.2333,136.7667,79.41,78,75,12.66,broken clouds
Jinchang,CN,38.4953,102.1739,62.83,24,0,6.38,clear sky
Hambantota,LK,6.1241,81.1185,80.94,83,40,11.5,scattered clouds
Asfi,MA,32.2994,-9.2372,69.98,82,9,20.49,clear sky
Igrim,RU,63.1906,64.4162,33.31,86,100,1.05,overcast clouds
Kurumkan,RU,54.3,110.3,34.57,76,100,2.28,overcast clouds
Pacific Grove,US,36.6177,-121.9166,74.61,67,1,3.0,clear sky
Emmett,US,43.8735,-116.4993,60.17,54,19,11.41,few clouds
Santa Isabel Do Rio Negro,BR,-0.4139,-65.0192,80.17,80,97,4.25,overcast clouds
Bossangoa,CF,6.4926,17.4552,72.0,97,100,3.69,overcast clouds
Adrar,MR,20.5022,-10.0711,96.37,7,0,7.11,clear sky
Abalak,RU,58.1286,68.5944,34.68,91,60,6.62,broken clouds
Rumonge,BI,-3.9736,29.4386,78.21,61,31,1.81,scattered clouds
Sibolga,ID,1.7427,98.7792,76.33,92,90,4.18,overcast clouds
Rumoi,JP,43.9344,141.6428,54.57,89,58,8.08,broken clouds
Gander,CA,48.9682,-54.5906,60.93,77,90,15.01,fog
Octeville,FR,49.6261,-1.6435,58.93,88,75,12.66,heavy intensity rain
Wellington,NZ,-41.2866,174.7756,48.56,84,34,3.0,scattered clouds
Atar,MR,20.5169,-13.0499,102.99,8,87,11.52,overcast clouds
Malkangiri,IN,18.35,81.9,73.87,96,98,1.1,overcast clouds
Kulhudhuffushi,MV,6.6221,73.07,81.99,80,47,16.31,scattered clouds
Byron Bay,AU,-28.65,153.6167,66.15,66,100,8.43,overcast clouds
Lalibela,ET,12.0333,39.0333,59.31,50,29,7.78,scattered clouds
Coari,BR,-4.085,-63.1414,83.28,68,87,2.06,overcast clouds
Ambilobe,MG,-13.2,49.05,73.71,68,7,9.82,clear sky
Srostki,RU,52.4189,85.7022,37.99,82,100,6.76,overcast clouds
Sesimbra,PT,38.4445,-9.1015,65.16,69,0,17.13,clear sky
Verkhnyaya Inta,RU,65.9811,60.3094,36.82,99,100,5.08,overcast clouds
Gushikawa,JP,26.3544,127.8686,81.63,92,1,9.22,clear sky
Shingu,JP,33.7333,135.9833,72.19,86,88,9.51,overcast clouds
Halifax,CA,44.6453,-63.5724,65.08,94,90,4.61,overcast clouds
Rusape,ZW,-18.5278,32.1284,64.27,45,22,4.21,few clouds
Saint-Joseph,RE,-21.3667,55.6167,70.16,75,25,12.71,scattered clouds
Thinadhoo,MV,0.5333,72.9333,82.72,73,99,9.57,overcast clouds
At-Bashi,KG,41.1702,75.8106,50.77,31,91,2.48,overcast clouds
Novogagatli,RU,43.4568,46.4818,58.84,67,100,2.75,overcast clouds
Hanyang,CN,32.1371,105.5126,63.37,94,0,2.17,light rain
Darapidap,PH,17.2131,120.4114,77.52,87,68,4.14,broken clouds
Torbat-E Jam,IR,35.244,60.6225,67.1,36,0,5.19,clear sky
Coahuayana,MX,18.7333,-103.6833,88.32,58,61,4.99,broken clouds
Harper,LR,4.375,-7.7169,77.88,82,100,6.67,overcast clouds
Hamilton,US,39.1834,-84.5333,85.64,58,1,1.99,clear sky
Bereznik,RU,62.8551,42.7072,42.87,95,94,3.49,overcast clouds
Krasnoborsk,RU,61.5598,45.934,40.51,94,83,3.69,broken clouds
Nyandoma,RU,61.669,40.1991,40.42,93,100,3.06,overcast clouds
